{"cameraMode":{"drawMode":0,"name":"Shaded","section":"Shading Mode"},"sceneLighting":true,"audioPlay":false,"sceneViewState":{"m_AlwaysRefresh":false,"showFog":true,"showSkybox":true,"showFlares":true,"showImageEffects":true,"showParticleSystems":true,"showVisualEffectGraphs":true,"m_FxEnabled":true},"in2DMode":false,"pivot":{"x":11.026182174682618,"y":2.0822224617004396,"z":-2.7634661197662355},"rotation":{"x":0.18349245190620423,"y":0.5469754338264465,"z":-0.12432713806629181,"w":0.8072835803031921},"size":5.454034328460693,"orthographic":true}