{"cameraMode":{"drawMode":0,"name":"Shaded","section":"Shading Mode"},"sceneLighting":true,"audioPlay":false,"sceneViewState":{"m_AlwaysRefresh":false,"showFog":true,"showSkybox":true,"showFlares":true,"showImageEffects":true,"showParticleSystems":true,"showVisualEffectGraphs":true,"m_FxEnabled":true},"in2DMode":false,"pivot":{"x":2.9200000762939455,"y":-0.15999996662139893,"z":1.6799999475479127},"rotation":{"x":0.18803992867469788,"y":-0.16704148054122926,"z":0.032471995800733569,"w":0.9673099517822266},"size":9.626505851745606,"orthographic":true}